<?xml version="1.0" encoding="UTF-8"?>
<project-private xmlns="http://www.netbeans.org/ns/project-private/1">
    <editor-bookmarks xmlns="http://www.netbeans.org/ns/editor-bookmarks/2" lastBookmarkId="0"/>
    <open-files xmlns="http://www.netbeans.org/ns/projectui-open-files/2">
        <group>
            <file>file:/C:/Users/maila/Ayush/Aed%20Final%20Project/final-project/AedFinalProject_1/src/UserInterface/Funder/ManageUserAccountJPanel.java</file>
            <file>file:/C:/Users/maila/Ayush/Aed%20Final%20Project/final-project/AedFinalProject_1/src/UserInterface/Funder/Health/FunderHealthWorkArea.java</file>
            <file>file:/C:/Users/maila/Ayush/Aed%20Final%20Project/final-project/AedFinalProject_1/src/UserInterface/Services/Education/ServicesEducationAdminWorkArea.java</file>
            <file>file:/C:/Users/maila/Ayush/Aed%20Final%20Project/final-project/AedFinalProject_1/src/UserInterface/Services/Rehab/ServicesRehabAdminWorkArea.java</file>
            <file>file:/C:/Users/maila/Ayush/Aed%20Final%20Project/final-project/AedFinalProject_1/src/UserInterface/NGO/General/UtilitiesJPanel.java</file>
            <file>file:/C:/Users/maila/Ayush/Aed%20Final%20Project/final-project/AedFinalProject_1/src/Business/FundWorkQueue/QuotationAnsWorkRequest.java</file>
            <file>file:/C:/Users/maila/Ayush/Aed%20Final%20Project/final-project/AedFinalProject_1/src/UserInterface/Services/ServicesManageOrganizationJPanel.java</file>
            <file>file:/C:/Users/maila/Ayush/Aed%20Final%20Project/final-project/AedFinalProject_1/src/UserInterface/Funder/Education/FunderEducationWorkArea.java</file>
            <file>file:/C:/Users/maila/Ayush/Aed%20Final%20Project/final-project/AedFinalProject_1/src/UserInterface/Funder/ManageEmployeeJPanel.java</file>
            <file>file:/C:/Users/maila/Ayush/Aed%20Final%20Project/final-project/AedFinalProject_1/src/UserInterface/NGO/NgoManageOrganizationJPanel.java</file>
            <file>file:/C:/Users/maila/Ayush/Aed%20Final%20Project/final-project/AedFinalProject_1/src/Business/Role/Role.java</file>
            <file>file:/C:/Users/maila/Ayush/Aed%20Final%20Project/final-project/AedFinalProject_1/src/UserInterface/NGO/General/PersonalDetailsJPanel.java</file>
            <file>file:/C:/Users/maila/Ayush/Aed%20Final%20Project/final-project/AedFinalProject_1/src/Business/EventInfo/EventInfo.java</file>
            <file>file:/C:/Users/maila/Ayush/Aed%20Final%20Project/final-project/AedFinalProject_1/src/UserInterface/NGO/General/RequestPage.java</file>
            <file>file:/C:/Users/maila/Ayush/Aed%20Final%20Project/final-project/AedFinalProject_1/src/UserInterface/NGO/EventInfoJPanel.java</file>
            <file>file:/C:/Users/maila/Ayush/Aed%20Final%20Project/final-project/AedFinalProject_1/src/UserInterface/Services/ServicesManageUserAccountJPanel.java</file>
            <file>file:/C:/Users/maila/Ayush/Aed%20Final%20Project/final-project/AedFinalProject_1/src/UserInterface/Funder/Rehab/FunderRehabWorkArea.java</file>
            <file>file:/C:/Users/maila/Ayush/Aed%20Final%20Project/final-project/AedFinalProject_1/src/UserInterface/SystemAdmins/ManageEnterpriseJPanel.java</file>
            <file>file:/C:/Users/maila/Ayush/Aed%20Final%20Project/final-project/AedFinalProject_1/src/UserInterface/NGO/General/UtilitiesRequest.java</file>
            <file>file:/C:/Users/maila/Ayush/Aed%20Final%20Project/final-project/AedFinalProject_1/src/Business/UserAccount/UserAccount.java</file>
            <file>file:/C:/Users/maila/Ayush/Aed%20Final%20Project/final-project/AedFinalProject_1/src/Business/FundWorkQueue/FundWorkRequest.java</file>
            <file>file:/C:/Users/maila/Ayush/Aed%20Final%20Project/final-project/AedFinalProject_1/src/Business/Enterprise/Enterprise.java</file>
            <file>file:/C:/Users/maila/Ayush/Aed%20Final%20Project/final-project/AedFinalProject_1/src/Business/Role/EducationFunderAdminRole.java</file>
            <file>file:/C:/Users/maila/Ayush/Aed%20Final%20Project/final-project/AedFinalProject_1/src/UserInterface/Services/Health/ServicesHealthAdminWorkArea.java</file>
            <file>file:/C:/Users/maila/Ayush/Aed%20Final%20Project/final-project/AedFinalProject_1/src/UserInterface/NGO/NgoManageUserAccountJPanel.java</file>
            <file>file:/C:/Users/maila/Ayush/Aed%20Final%20Project/final-project/AedFinalProject_1/src/UserInterface/NGO/Create/Report.java</file>
            <file>file:/C:/Users/maila/Ayush/Aed%20Final%20Project/final-project/AedFinalProject_1/src/UserInterface/NGO/General/Special-request-256.png</file>
            <file>file:/C:/Users/maila/Ayush/Aed%20Final%20Project/final-project/AedFinalProject_1/src/UserInterface/NGO/General/SummaryJPanel.java</file>
            <file>file:/C:/Users/maila/Ayush/Aed%20Final%20Project/final-project/AedFinalProject_1/src/UserInterface/NGO/General/RehabJPanel.java</file>
            <file>file:/C:/Users/maila/Ayush/Aed%20Final%20Project/final-project/AedFinalProject_1/src/UserInterface/NGO/Create/NewEventJPanel.java</file>
            <file>file:/C:/Users/maila/Ayush/Aed%20Final%20Project/final-project/AedFinalProject_1/src/UserInterface/NGO/Create/Analytics.java</file>
            <file>file:/C:/Users/maila/Ayush/Aed%20Final%20Project/final-project/AedFinalProject_1/src/Business/EventInfo/EventInfoDirectory.java</file>
            <file>file:/C:/Users/maila/Ayush/Aed%20Final%20Project/final-project/AedFinalProject_1/src/UserInterface/NGO/General/NgoGeneralAdminWorkArea.java</file>
            <file>file:/C:/Users/maila/Ayush/Aed%20Final%20Project/final-project/AedFinalProject_1/src/UserInterface/NGO/Create/NgoCreateWorkArea.java</file>
            <file>file:/C:/Users/maila/Ayush/Aed%20Final%20Project/final-project/AedFinalProject_1/src/Business/DB4OUtil/DB4OUtil.java</file>
            <file>file:/C:/Users/maila/Ayush/Aed%20Final%20Project/final-project/AedFinalProject_1/src/Business/Organization/Organization.java</file>
            <file>file:/C:/Users/maila/Ayush/Aed%20Final%20Project/final-project/AedFinalProject_1/src/Business/Employee/Employee.java</file>
            <file>file:/C:/Users/maila/Ayush/Aed%20Final%20Project/final-project/AedFinalProject_1/src/UserInterface/NGO/DashBoardJPanel.java</file>
            <file>file:/C:/Users/maila/Ayush/Aed%20Final%20Project/final-project/AedFinalProject_1/src/UserInterface/NGO/Create/ProcessEventRequest.java</file>
            <file>file:/C:/Users/maila/Ayush/Aed%20Final%20Project/final-project/AedFinalProject_1/src/UserInterface/Services/ServicesManageEmployeeJPanel.java</file>
            <file>file:/C:/Users/maila/Ayush/Aed%20Final%20Project/final-project/AedFinalProject_1/src/UserInterface/NGO/NgoAdminWorkAreaJPanel.java</file>
            <file>file:/C:/Users/maila/Ayush/Aed%20Final%20Project/final-project/AedFinalProject_1/src/UserInterface/NGO/General/SpecialRequestJPanel.java</file>
            <file>file:/C:/Users/maila/Ayush/Aed%20Final%20Project/final-project/AedFinalProject_1/src/Business/Person/Person.java</file>
            <file>file:/C:/Users/maila/Ayush/Aed%20Final%20Project/final-project/AedFinalProject_1/src/UserInterface/NGO/Create/SocialIssuesJPanel.java</file>
            <file>file:/C:/Users/maila/Ayush/Aed%20Final%20Project/final-project/AedFinalProject_1/src/UserInterface/NGO/General/HealthDetailsJPanel.java</file>
        </group>
    </open-files>
</project-private>
