Name,Skills
AYUSH JAIN,"['mongodb', 'sql', 'oracle', 'java', 'qlik sense', 'qlik view', 'spark', 'data analysis', 'dashboards', 'hive', 'statistics', 'tableau', 'mysql', 'python', 'excel', 'machine learning']"
POOJITH SHANKAR SHETTY,"['sql', 'oracle', 'java', 'aws', 'nosql', 'mongodb', 'machine learning', 'python', 'regression']"
Prashant Reddy,"['python', 'oracle', 'machine learning', 'big data', 'aws', 'java', 'sql', 'nosql', 'mysql', 'regression']"
SHWETA PATHAK,"['big data', 'data mining', 'sql', 'oracle', 'pl/sql', 'java', 'tableau', 'qlik sense', 'dashboards', 'data analysis']"
